îΩïúâÒêîn,x1,f(x1)
1,0.001,-7.90775478
2,0.002,-7.21460610
3,0.003,-6.80913849
4,0.004,-6.52145292
5,0.005,-6.29830487
6,0.006,-6.11597781
7,0.007,-5.96182063
8,0.008,-5.82828174
9,0.009,-5.71049020
10,0.010,-5.60512019
11,0.011,-5.50979951
12,0.012,-5.42277663
13,0.013,-5.34272142
14,0.014,-5.26859995
15,0.015,-5.19959258
16,0.016,-5.13503856
17,0.017,-5.07439744
18,0.018,-5.01722153
19,0.019,-4.96313581
20,0.020,-4.91182301
21,0.021,-4.86301235
22,0.022,-4.81647084
23,0.023,-4.77199657
24,0.024,-4.72941346
25,0.025,-4.68856697
26,0.026,-4.64932076
27,0.027,-4.61155394
28,0.028,-4.57515879
29,0.029,-4.54003898
30,0.030,-4.50610793
31,0.031,-4.47328761
32,0.032,-4.44150742
33,0.033,-4.41070327
34,0.034,-4.38081681
35,0.035,-4.35179478
36,0.036,-4.32358841
37,0.037,-4.29615294
38,0.038,-4.26944721
39,0.039,-4.24343323
40,0.040,-4.21807593
41,0.041,-4.19334283
42,0.042,-4.16920379
43,0.043,-4.14563081
44,0.044,-4.12259780
45,0.045,-4.10008046
46,0.046,-4.07805607
47,0.047,-4.05650338
48,0.048,-4.03540249
49,0.049,-4.01473472
50,0.050,-3.99448253
51,0.051,-3.97462943
52,0.052,-3.95515987
53,0.053,-3.93605919
54,0.054,-3.91731359
55,0.055,-3.89890997
56,0.056,-3.88083600
57,0.057,-3.86307995
58,0.058,-3.84563074
59,0.059,-3.82847784
60,0.060,-3.81161126
61,0.061,-3.79502149
62,0.062,-3.77869951
63,0.063,-3.76263671
64,0.064,-3.74682489
65,0.065,-3.73125625
66,0.066,-3.71592333
67,0.067,-3.70081900
68,0.068,-3.68593646
69,0.069,-3.67126922
70,0.070,-3.65681104
71,0.071,-3.64255596
72,0.072,-3.62849828
73,0.073,-3.61463252
74,0.074,-3.60095343
75,0.075,-3.58745598
76,0.076,-3.57413533
77,0.077,-3.56098682
78,0.078,-3.54800599
79,0.079,-3.53518855
80,0.080,-3.52253035
81,0.081,-3.51002742
82,0.082,-3.49767592
83,0.083,-3.48547215
84,0.084,-3.47341255
85,0.085,-3.46149370
86,0.086,-3.44971226
87,0.087,-3.43806505
88,0.088,-3.42654896
89,0.089,-3.41516102
90,0.090,-3.40389834
91,0.091,-3.39275813
92,0.092,-3.38173769
93,0.093,-3.37083440
94,0.094,-3.36004575
95,0.095,-3.34936928
96,0.096,-3.33880263
97,0.097,-3.32834349
98,0.098,-3.31798964
99,0.099,-3.30773893
100,0.100,-3.29758926
101,0.101,-3.28753860
102,0.102,-3.27758497
103,0.103,-3.26772648
104,0.104,-3.25796125
105,0.105,-3.24828749
106,0.106,-3.23870344
107,0.107,-3.22920740
108,0.108,-3.21979772
109,0.109,-3.21047278
110,0.110,-3.20123101
111,0.111,-3.19207090
112,0.112,-3.18299096
113,0.113,-3.17398975
114,0.114,-3.16506586
115,0.115,-3.15621793
116,0.116,-3.14744463
117,0.117,-3.13874465
118,0.118,-3.13011673
119,0.119,-3.12155964
120,0.120,-3.11307217
121,0.121,-3.10465316
122,0.122,-3.09630146
123,0.123,-3.08801596
124,0.124,-3.07979556
125,0.125,-3.07163921
126,0.126,-3.06354587
127,0.127,-3.05551453
128,0.128,-3.04754419
129,0.129,-3.03963391
130,0.130,-3.03178272
131,0.131,-3.02398972
132,0.132,-3.01625400
133,0.133,-3.00857468
134,0.134,-3.00095091
135,0.135,-2.99338183
136,0.136,-2.98586664
137,0.137,-2.97840452
138,0.138,-2.97099470
139,0.139,-2.96363639
140,0.140,-2.95632885
141,0.141,-2.94907135
142,0.142,-2.94186315
143,0.143,-2.93470356
144,0.144,-2.92759188
145,0.145,-2.92052744
146,0.146,-2.91350958
147,0.147,-2.90653763
148,0.148,-2.89961098
149,0.149,-2.89272899
150,0.150,-2.88589106
151,0.151,-2.87909659
152,0.152,-2.87234498
153,0.153,-2.86563567
154,0.154,-2.85896809
155,0.155,-2.85234169
156,0.156,-2.84575593
157,0.157,-2.83921027
158,0.158,-2.83270419
159,0.159,-2.82623718
160,0.160,-2.81980875
161,0.161,-2.81341839
162,0.162,-2.80706562
163,0.163,-2.80074997
164,0.164,-2.79447097
165,0.165,-2.78822816
166,0.166,-2.78202110
167,0.167,-2.77584934
168,0.168,-2.76971246
169,0.169,-2.76361002
170,0.170,-2.75754161
171,0.171,-2.75150681
172,0.172,-2.74550523
173,0.173,-2.73953647
174,0.174,-2.73360013
175,0.175,-2.72769584
176,0.176,-2.72182322
177,0.177,-2.71598190
178,0.178,-2.71017151
179,0.179,-2.70439170
180,0.180,-2.69864212
181,0.181,-2.69292242
182,0.182,-2.68723226
183,0.183,-2.68157130
184,0.184,-2.67593923
185,0.185,-2.67033570
186,0.186,-2.66476042
187,0.187,-2.65921305
188,0.188,-2.65369330
189,0.189,-2.64820087
190,0.190,-2.64273544
191,0.191,-2.63729674
192,0.192,-2.63188446
193,0.193,-2.62649833
194,0.194,-2.62113807
195,0.195,-2.61580339
196,0.196,-2.61049403
197,0.197,-2.60520972
198,0.198,-2.59995020
199,0.199,-2.59471521
200,0.200,-2.58950449
201,0.201,-2.58431779
202,0.202,-2.57915486
203,0.203,-2.57401546
204,0.204,-2.56889935
205,0.205,-2.56380628
206,0.206,-2.55873604
207,0.207,-2.55368838
208,0.208,-2.54866308
209,0.209,-2.54365991
210,0.210,-2.53867866
211,0.211,-2.53371911
212,0.212,-2.52878104
213,0.213,-2.52386425
214,0.214,-2.51896852
215,0.215,-2.51409365
216,0.216,-2.50923943
217,0.217,-2.50440567
218,0.218,-2.49959217
219,0.219,-2.49479874
220,0.220,-2.49002518
221,0.221,-2.48527131
222,0.222,-2.48053694
223,0.223,-2.47582188
224,0.224,-2.47112595
225,0.225,-2.46644898
226,0.226,-2.46179079
227,0.227,-2.45715121
228,0.228,-2.45253005
229,0.229,-2.44792716
230,0.230,-2.44334237
231,0.231,-2.43877550
232,0.232,-2.43422640
233,0.233,-2.42969491
234,0.234,-2.42518086
235,0.235,-2.42068411
236,0.236,-2.41620449
237,0.237,-2.41174185
238,0.238,-2.40729604
239,0.239,-2.40286692
240,0.240,-2.39845433
241,0.241,-2.39405813
242,0.242,-2.38967818
243,0.243,-2.38531433
244,0.244,-2.38096645
245,0.245,-2.37663439
246,0.246,-2.37231803
247,0.247,-2.36801721
248,0.248,-2.36373182
249,0.249,-2.35946172
250,0.250,-2.35520678
251,0.251,-2.35096687
252,0.252,-2.34674187
253,0.253,-2.34253164
254,0.254,-2.33833607
255,0.255,-2.33415503
256,0.256,-2.32998840
257,0.257,-2.32583606
258,0.258,-2.32169790
259,0.259,-2.31757379
260,0.260,-2.31346363
261,0.261,-2.30936729
262,0.262,-2.30528466
263,0.263,-2.30121564
264,0.264,-2.29716010
265,0.265,-2.29311795
266,0.266,-2.28908908
267,0.267,-2.28507337
268,0.268,-2.28107073
269,0.269,-2.27708105
270,0.270,-2.27310422
271,0.271,-2.26914014
272,0.272,-2.26518872
273,0.273,-2.26124985
274,0.274,-2.25732344
275,0.275,-2.25340938
276,0.276,-2.24950758
277,0.277,-2.24561795
278,0.278,-2.24174039
279,0.279,-2.23787481
280,0.280,-2.23402111
281,0.281,-2.23017921
282,0.282,-2.22634901
283,0.283,-2.22253043
284,0.284,-2.21872337
285,0.285,-2.21492775
286,0.286,-2.21114348
287,0.287,-2.20737048
288,0.288,-2.20360866
289,0.289,-2.19985794
290,0.290,-2.19611823
291,0.291,-2.19238946
292,0.292,-2.18867153
293,0.293,-2.18496438
294,0.294,-2.18126792
295,0.295,-2.17758206
296,0.296,-2.17390675
297,0.297,-2.17024189
298,0.298,-2.16658741
299,0.299,-2.16294324
300,0.300,-2.15930929
301,0.301,-2.15568551
302,0.302,-2.15207180
303,0.303,-2.14846810
304,0.304,-2.14487435
305,0.305,-2.14129045
306,0.306,-2.13771636
307,0.307,-2.13415199
308,0.308,-2.13059728
309,0.309,-2.12705215
310,0.310,-2.12351655
311,0.311,-2.11999040
312,0.312,-2.11647364
313,0.313,-2.11296620
314,0.314,-2.10946801
315,0.315,-2.10597902
316,0.316,-2.10249915
317,0.317,-2.09902835
318,0.318,-2.09556655
319,0.319,-2.09211369
320,0.320,-2.08866970
321,0.321,-2.08523453
322,0.322,-2.08180812
323,0.323,-2.07839040
324,0.324,-2.07498132
325,0.325,-2.07158082
326,0.326,-2.06818884
327,0.327,-2.06480532
328,0.328,-2.06143021
329,0.329,-2.05806344
330,0.330,-2.05470497
331,0.331,-2.05135473
332,0.332,-2.04801268
333,0.333,-2.04467875
334,0.334,-2.04135289
335,0.335,-2.03803506
336,0.336,-2.03472519
337,0.337,-2.03142323
338,0.338,-2.02812914
339,0.339,-2.02484285
340,0.340,-2.02156433
341,0.341,-2.01829351
342,0.342,-2.01503035
343,0.343,-2.01177480
344,0.344,-2.00852680
345,0.345,-2.00528631
346,0.346,-2.00205329
347,0.347,-1.99882768
348,0.348,-1.99560943
349,0.349,-1.99239850
350,0.350,-1.98919484
351,0.351,-1.98599840
352,0.352,-1.98280914
353,0.353,-1.97962702
354,0.354,-1.97645198
355,0.355,-1.97328398
356,0.356,-1.97012298
357,0.357,-1.96696893
358,0.358,-1.96382179
359,0.359,-1.96068152
360,0.360,-1.95754807
361,0.361,-1.95442140
362,0.362,-1.95130147
363,0.363,-1.94818824
364,0.364,-1.94508165
365,0.365,-1.94198169
366,0.366,-1.93888829
367,0.367,-1.93580143
368,0.368,-1.93272105
369,0.369,-1.92964713
370,0.370,-1.92657962
371,0.371,-1.92351848
372,0.372,-1.92046368
373,0.373,-1.91741516
374,0.374,-1.91437291
375,0.375,-1.91133687
376,0.376,-1.90830702
377,0.377,-1.90528331
378,0.378,-1.90226570
379,0.379,-1.89925417
380,0.380,-1.89624866
381,0.381,-1.89324915
382,0.382,-1.89025561
383,0.383,-1.88726799
384,0.384,-1.88428625
385,0.385,-1.88131038
386,0.386,-1.87834032
387,0.387,-1.87537605
388,0.388,-1.87241753
389,0.389,-1.86946472
390,0.390,-1.86651760
391,0.391,-1.86357613
392,0.392,-1.86064027
393,0.393,-1.85771000
394,0.394,-1.85478528
395,0.395,-1.85186608
396,0.396,-1.84895236
397,0.397,-1.84604410
398,0.398,-1.84314126
399,0.399,-1.84024381
400,0.400,-1.83735173
401,0.401,-1.83446497
402,0.402,-1.83158351
403,0.403,-1.82870731
404,0.404,-1.82583636
405,0.405,-1.82297061
406,0.406,-1.82011004
407,0.407,-1.81725462
408,0.408,-1.81440431
409,0.409,-1.81155910
410,0.410,-1.80871894
411,0.411,-1.80588382
412,0.412,-1.80305370
413,0.413,-1.80022856
414,0.414,-1.79740836
415,0.415,-1.79459308
416,0.416,-1.79178269
417,0.417,-1.78897717
418,0.418,-1.78617648
419,0.419,-1.78338060
420,0.420,-1.78058951
421,0.421,-1.77780317
422,0.422,-1.77502156
423,0.423,-1.77224465
424,0.424,-1.76947242
425,0.425,-1.76670484
426,0.426,-1.76394189
427,0.427,-1.76118354
428,0.428,-1.75842976
429,0.429,-1.75568053
430,0.430,-1.75293582
431,0.431,-1.75019561
432,0.432,-1.74745988
433,0.433,-1.74472860
434,0.434,-1.74200174
435,0.435,-1.73927929
436,0.436,-1.73656121
437,0.437,-1.73384749
438,0.438,-1.73113810
439,0.439,-1.72843302
440,0.440,-1.72573222
441,0.441,-1.72303567
442,0.442,-1.72034337
443,0.443,-1.71765528
444,0.444,-1.71497139
445,0.445,-1.71229166
446,0.446,-1.70961608
447,0.447,-1.70694463
448,0.448,-1.70427728
449,0.449,-1.70161401
450,0.450,-1.69895480
451,0.451,-1.69629963
452,0.452,-1.69364847
453,0.453,-1.69100131
454,0.454,-1.68835812
455,0.455,-1.68571889
456,0.456,-1.68308359
457,0.457,-1.68045220
458,0.458,-1.67782470
459,0.459,-1.67520107
460,0.460,-1.67258129
461,0.461,-1.66996534
462,0.462,-1.66735320
463,0.463,-1.66474485
464,0.464,-1.66214027
465,0.465,-1.65953944
466,0.466,-1.65694234
467,0.467,-1.65434895
468,0.468,-1.65175926
469,0.469,-1.64917324
470,0.470,-1.64659087
471,0.471,-1.64401214
472,0.472,-1.64143703
473,0.473,-1.63886551
474,0.474,-1.63629757
475,0.475,-1.63373320
476,0.476,-1.63117236
477,0.477,-1.62861505
478,0.478,-1.62606125
479,0.479,-1.62351094
480,0.480,-1.62096410
481,0.481,-1.61842071
482,0.482,-1.61588076
483,0.483,-1.61334422
484,0.484,-1.61081109
485,0.485,-1.60828134
486,0.486,-1.60575495
487,0.487,-1.60323192
488,0.488,-1.60071222
489,0.489,-1.59819583
490,0.490,-1.59568275
491,0.491,-1.59317294
492,0.492,-1.59066641
493,0.493,-1.58816312
494,0.494,-1.58566306
495,0.495,-1.58316623
496,0.496,-1.58067259
497,0.497,-1.57818214
498,0.498,-1.57569486
499,0.499,-1.57321073
500,0.500,-1.57072974
501,0.501,-1.56825188
502,0.502,-1.56577712
503,0.503,-1.56330545
504,0.504,-1.56083686
505,0.505,-1.55837132
506,0.506,-1.55590884
507,0.507,-1.55344939
508,0.508,-1.55099295
509,0.509,-1.54853951
510,0.510,-1.54608906
511,0.511,-1.54364158
512,0.512,-1.54119706
513,0.513,-1.53875548
514,0.514,-1.53631684
515,0.515,-1.53388110
516,0.516,-1.53144827
517,0.517,-1.52901832
518,0.518,-1.52659124
519,0.519,-1.52416702
520,0.520,-1.52174565
521,0.521,-1.51932710
522,0.522,-1.51691138
523,0.523,-1.51449845
524,0.524,-1.51208832
525,0.525,-1.50968096
526,0.526,-1.50727636
527,0.527,-1.50487452
528,0.528,-1.50247541
529,0.529,-1.50007902
530,0.530,-1.49768534
531,0.531,-1.49529436
532,0.532,-1.49290607
533,0.533,-1.49052044
534,0.534,-1.48813748
535,0.535,-1.48575716
536,0.536,-1.48337948
537,0.537,-1.48100441
538,0.538,-1.47863196
539,0.539,-1.47626210
540,0.540,-1.47389482
541,0.541,-1.47153012
542,0.542,-1.46916797
543,0.543,-1.46680838
544,0.544,-1.46445131
545,0.545,-1.46209678
546,0.546,-1.45974475
547,0.547,-1.45739522
548,0.548,-1.45504818
549,0.549,-1.45270362
550,0.550,-1.45036152
551,0.551,-1.44802188
552,0.552,-1.44568468
553,0.553,-1.44334990
554,0.554,-1.44101755
555,0.555,-1.43868761
556,0.556,-1.43636006
557,0.557,-1.43403489
558,0.558,-1.43171210
559,0.559,-1.42939168
560,0.560,-1.42707361
561,0.561,-1.42475787
562,0.562,-1.42244447
563,0.563,-1.42013339
564,0.564,-1.41782462
565,0.565,-1.41551815
566,0.566,-1.41321396
567,0.567,-1.41091206
568,0.568,-1.40861241
569,0.569,-1.40631503
570,0.570,-1.40401989
571,0.571,-1.40172699
572,0.572,-1.39943632
573,0.573,-1.39714786
574,0.574,-1.39486160
575,0.575,-1.39257754
576,0.576,-1.39029567
577,0.577,-1.38801597
578,0.578,-1.38573843
579,0.579,-1.38346306
580,0.580,-1.38118983
581,0.581,-1.37891873
582,0.582,-1.37664976
583,0.583,-1.37438291
584,0.584,-1.37211816
585,0.585,-1.36985552
586,0.586,-1.36759496
587,0.587,-1.36533648
588,0.588,-1.36308007
589,0.589,-1.36082572
590,0.590,-1.35857342
591,0.591,-1.35632316
592,0.592,-1.35407494
593,0.593,-1.35182874
594,0.594,-1.34958455
595,0.595,-1.34734237
596,0.596,-1.34510219
597,0.597,-1.34286399
598,0.598,-1.34062777
599,0.599,-1.33839353
600,0.600,-1.33616124
601,0.601,-1.33393090
602,0.602,-1.33170251
603,0.603,-1.32947606
604,0.604,-1.32725153
605,0.605,-1.32502892
606,0.606,-1.32280822
607,0.607,-1.32058942
608,0.608,-1.31837251
609,0.609,-1.31615749
610,0.610,-1.31394434
611,0.611,-1.31173306
612,0.612,-1.30952364
613,0.613,-1.30731607
614,0.614,-1.30511035
615,0.615,-1.30290646
616,0.616,-1.30070440
617,0.617,-1.29850415
618,0.618,-1.29630572
619,0.619,-1.29410909
620,0.620,-1.29191426
621,0.621,-1.28972121
622,0.622,-1.28752995
623,0.623,-1.28534045
624,0.624,-1.28315272
625,0.625,-1.28096675
626,0.626,-1.27878252
627,0.627,-1.27660004
628,0.628,-1.27441929
629,0.629,-1.27224027
630,0.630,-1.27006297
631,0.631,-1.26788738
632,0.632,-1.26571349
633,0.633,-1.26354130
634,0.634,-1.26137080
635,0.635,-1.25920198
636,0.636,-1.25703483
637,0.637,-1.25486936
638,0.638,-1.25270554
639,0.639,-1.25054338
640,0.640,-1.24838286
641,0.641,-1.24622398
642,0.642,-1.24406674
643,0.643,-1.24191112
644,0.644,-1.23975712
645,0.645,-1.23760473
646,0.646,-1.23545394
647,0.647,-1.23330476
648,0.648,-1.23115716
649,0.649,-1.22901115
650,0.650,-1.22686671
651,0.651,-1.22472385
652,0.652,-1.22258255
653,0.653,-1.22044281
654,0.654,-1.21830462
655,0.655,-1.21616797
656,0.656,-1.21403286
657,0.657,-1.21189928
658,0.658,-1.20976723
659,0.659,-1.20763670
660,0.660,-1.20550768
661,0.661,-1.20338016
662,0.662,-1.20125414
663,0.663,-1.19912962
664,0.664,-1.19700658
665,0.665,-1.19488502
666,0.666,-1.19276494
667,0.667,-1.19064633
668,0.668,-1.18852917
669,0.669,-1.18641348
670,0.670,-1.18429923
671,0.671,-1.18218643
672,0.672,-1.18007507
673,0.673,-1.17796513
674,0.674,-1.17585663
675,0.675,-1.17374954
676,0.676,-1.17164387
677,0.677,-1.16953960
678,0.678,-1.16743674
679,0.679,-1.16533527
680,0.680,-1.16323520
681,0.681,-1.16113651
682,0.682,-1.15903920
683,0.683,-1.15694326
684,0.684,-1.15484869
685,0.685,-1.15275549
686,0.686,-1.15066364
687,0.687,-1.14857314
688,0.688,-1.14648399
689,0.689,-1.14439617
690,0.690,-1.14230970
691,0.691,-1.14022455
692,0.692,-1.13814072
693,0.693,-1.13605822
694,0.694,-1.13397702
695,0.695,-1.13189714
696,0.696,-1.12981855
697,0.697,-1.12774126
698,0.698,-1.12566527
699,0.699,-1.12359056
700,0.700,-1.12151713
701,0.701,-1.11944498
702,0.702,-1.11737410
703,0.703,-1.11530448
704,0.704,-1.11323613
705,0.705,-1.11116903
706,0.706,-1.10910318
707,0.707,-1.10703857
708,0.708,-1.10497521
709,0.709,-1.10291308
710,0.710,-1.10085218
711,0.711,-1.09879251
712,0.712,-1.09673406
713,0.713,-1.09467682
714,0.714,-1.09262080
715,0.715,-1.09056598
716,0.716,-1.08851236
717,0.717,-1.08645994
718,0.718,-1.08440870
719,0.719,-1.08235866
720,0.720,-1.08030980
721,0.721,-1.07826211
722,0.722,-1.07621560
723,0.723,-1.07417025
724,0.724,-1.07212607
725,0.725,-1.07008305
726,0.726,-1.06804118
727,0.727,-1.06600046
728,0.728,-1.06396088
729,0.729,-1.06192245
730,0.730,-1.05988515
731,0.731,-1.05784898
732,0.732,-1.05581394
733,0.733,-1.05378002
734,0.734,-1.05174722
735,0.735,-1.04971553
736,0.736,-1.04768496
737,0.737,-1.04565548
738,0.738,-1.04362711
739,0.739,-1.04159984
740,0.740,-1.03957365
741,0.741,-1.03754856
742,0.742,-1.03552454
743,0.743,-1.03350161
744,0.744,-1.03147975
745,0.745,-1.02945896
746,0.746,-1.02743924
747,0.747,-1.02542058
748,0.748,-1.02340298
749,0.749,-1.02138644
750,0.750,-1.01937094
751,0.751,-1.01735649
752,0.752,-1.01534308
753,0.753,-1.01333071
754,0.754,-1.01131938
755,0.755,-1.00930907
756,0.756,-1.00729979
757,0.757,-1.00529154
758,0.758,-1.00328430
759,0.759,-1.00127807
760,0.760,-0.99927286
761,0.761,-0.99726865
762,0.762,-0.99526544
763,0.763,-0.99326324
764,0.764,-0.99126202
765,0.765,-0.98926180
766,0.766,-0.98726257
767,0.767,-0.98526432
768,0.768,-0.98326705
769,0.769,-0.98127076
770,0.770,-0.97927543
771,0.771,-0.97728108
772,0.772,-0.97528769
773,0.773,-0.97329527
774,0.774,-0.97130380
775,0.775,-0.96931328
776,0.776,-0.96732372
777,0.777,-0.96533510
778,0.778,-0.96334743
779,0.779,-0.96136069
780,0.780,-0.95937490
781,0.781,-0.95739003
782,0.782,-0.95540610
783,0.783,-0.95342309
784,0.784,-0.95144100
785,0.785,-0.94945983
786,0.786,-0.94747958
787,0.787,-0.94550024
788,0.788,-0.94352180
789,0.789,-0.94154428
790,0.790,-0.93956765
791,0.791,-0.93759192
792,0.792,-0.93561709
793,0.793,-0.93364315
794,0.794,-0.93167010
795,0.795,-0.92969793
796,0.796,-0.92772665
797,0.797,-0.92575624
798,0.798,-0.92378671
799,0.799,-0.92181805
800,0.800,-0.91985026
801,0.801,-0.91788334
802,0.802,-0.91591728
803,0.803,-0.91395207
804,0.804,-0.91198773
805,0.805,-0.91002424
806,0.806,-0.90806159
807,0.807,-0.90609980
808,0.808,-0.90413885
809,0.809,-0.90217874
810,0.810,-0.90021946
811,0.811,-0.89826103
812,0.812,-0.89630342
813,0.813,-0.89434664
814,0.814,-0.89239069
815,0.815,-0.89043556
816,0.816,-0.88848125
817,0.817,-0.88652776
818,0.818,-0.88457508
819,0.819,-0.88262321
820,0.820,-0.88067215
821,0.821,-0.87872189
822,0.822,-0.87677244
823,0.823,-0.87482378
824,0.824,-0.87287592
825,0.825,-0.87092886
826,0.826,-0.86898258
827,0.827,-0.86703710
828,0.828,-0.86509240
829,0.829,-0.86314848
830,0.830,-0.86120534
831,0.831,-0.85926298
832,0.832,-0.85732139
833,0.833,-0.85538057
834,0.834,-0.85344052
835,0.835,-0.85150124
836,0.836,-0.84956272
837,0.837,-0.84762496
838,0.838,-0.84568795
839,0.839,-0.84375171
840,0.840,-0.84181621
841,0.841,-0.83988147
842,0.842,-0.83794747
843,0.843,-0.83601422
844,0.844,-0.83408171
845,0.845,-0.83214993
846,0.846,-0.83021890
847,0.847,-0.82828860
848,0.848,-0.82635903
849,0.849,-0.82443019
850,0.850,-0.82250208
851,0.851,-0.82057469
852,0.852,-0.81864802
853,0.853,-0.81672207
854,0.854,-0.81479684
855,0.855,-0.81287232
856,0.856,-0.81094851
857,0.857,-0.80902542
858,0.858,-0.80710303
859,0.859,-0.80518134
860,0.860,-0.80326036
861,0.861,-0.80134007
862,0.862,-0.79942049
863,0.863,-0.79750160
864,0.864,-0.79558340
865,0.865,-0.79366589
866,0.866,-0.79174907
867,0.867,-0.78983293
868,0.868,-0.78791748
869,0.869,-0.78600271
870,0.870,-0.78408861
871,0.871,-0.78217520
872,0.872,-0.78026246
873,0.873,-0.77835039
874,0.874,-0.77643898
875,0.875,-0.77452825
876,0.876,-0.77261818
877,0.877,-0.77070878
878,0.878,-0.76880003
879,0.879,-0.76689195
880,0.880,-0.76498452
881,0.881,-0.76307774
882,0.882,-0.76117162
883,0.883,-0.75926614
884,0.884,-0.75736132
885,0.885,-0.75545714
886,0.886,-0.75355360
887,0.887,-0.75165070
888,0.888,-0.74974845
889,0.889,-0.74784683
890,0.890,-0.74594584
891,0.891,-0.74404549
892,0.892,-0.74214577
893,0.893,-0.74024668
894,0.894,-0.73834822
895,0.895,-0.73645038
896,0.896,-0.73455316
897,0.897,-0.73265657
898,0.898,-0.73076059
899,0.899,-0.72886523
900,0.900,-0.72697048
901,0.901,-0.72507635
902,0.902,-0.72318283
903,0.903,-0.72128992
904,0.904,-0.71939761
905,0.905,-0.71750592
906,0.906,-0.71561482
907,0.907,-0.71372432
908,0.908,-0.71183443
909,0.909,-0.70994513
910,0.910,-0.70805643
911,0.911,-0.70616832
912,0.912,-0.70428080
913,0.913,-0.70239388
914,0.914,-0.70050754
915,0.915,-0.69862179
916,0.916,-0.69673662
917,0.917,-0.69485204
918,0.918,-0.69296804
919,0.919,-0.69108461
920,0.920,-0.68920177
921,0.921,-0.68731949
922,0.922,-0.68543780
923,0.923,-0.68355667
924,0.924,-0.68167612
925,0.925,-0.67979613
926,0.926,-0.67791672
927,0.927,-0.67603786
928,0.928,-0.67415957
929,0.929,-0.67228184
930,0.930,-0.67040468
931,0.931,-0.66852807
932,0.932,-0.66665201
933,0.933,-0.66477651
934,0.934,-0.66290157
935,0.935,-0.66102718
936,0.936,-0.65915333
937,0.937,-0.65728004
938,0.938,-0.65540729
939,0.939,-0.65353509
940,0.940,-0.65166343
941,0.941,-0.64979231
942,0.942,-0.64792173
943,0.943,-0.64605170
944,0.944,-0.64418220
945,0.945,-0.64231323
946,0.946,-0.64044480
947,0.947,-0.63857690
948,0.948,-0.63670953
949,0.949,-0.63484269
950,0.950,-0.63297638
951,0.951,-0.63111060
952,0.952,-0.62924534
953,0.953,-0.62738060
954,0.954,-0.62551639
955,0.955,-0.62365270
956,0.956,-0.62178952
957,0.957,-0.61992686
958,0.958,-0.61806472
959,0.959,-0.61620309
960,0.960,-0.61434198
961,0.961,-0.61248138
962,0.962,-0.61062129
963,0.963,-0.60876170
964,0.964,-0.60690262
965,0.965,-0.60504405
966,0.966,-0.60318599
967,0.967,-0.60132842
968,0.968,-0.59947136
969,0.969,-0.59761480
970,0.970,-0.59575874
971,0.971,-0.59390317
972,0.972,-0.59204810
973,0.973,-0.59019353
974,0.974,-0.58833945
975,0.975,-0.58648586
976,0.976,-0.58463276
977,0.977,-0.58278016
978,0.978,-0.58092804
979,0.979,-0.57907640
980,0.980,-0.57722525
981,0.981,-0.57537459
982,0.982,-0.57352441
983,0.983,-0.57167471
984,0.984,-0.56982549
985,0.985,-0.56797675
986,0.986,-0.56612849
987,0.987,-0.56428071
988,0.988,-0.56243340
989,0.989,-0.56058656
990,0.990,-0.55874020
991,0.991,-0.55689431
992,0.992,-0.55504888
993,0.993,-0.55320393
994,0.994,-0.55135945
995,0.995,-0.54951543
996,0.996,-0.54767188
997,0.997,-0.54582879
998,0.998,-0.54398617
999,0.999,-0.54214401
1000,1.000,-0.54030231
1001,1.001,-0.53846106
1002,1.002,-0.53662028
1003,1.003,-0.53477996
1004,1.004,-0.53294009
1005,1.005,-0.53110067
1006,1.006,-0.52926171
1007,1.007,-0.52742321
1008,1.008,-0.52558515
1009,1.009,-0.52374755
1010,1.010,-0.52191039
1011,1.011,-0.52007368
1012,1.012,-0.51823742
1013,1.013,-0.51640161
1014,1.014,-0.51456624
1015,1.015,-0.51273132
1016,1.016,-0.51089684
1017,1.017,-0.50906280
1018,1.018,-0.50722920
1019,1.019,-0.50539604
1020,1.020,-0.50356332
1021,1.021,-0.50173104
1022,1.022,-0.49989920
1023,1.023,-0.49806779
1024,1.024,-0.49623681
1025,1.025,-0.49440627
1026,1.026,-0.49257617
1027,1.027,-0.49074649
1028,1.028,-0.48891725
1029,1.029,-0.48708843
1030,1.030,-0.48526004
1031,1.031,-0.48343208
1032,1.032,-0.48160455
1033,1.033,-0.47977745
1034,1.034,-0.47795076
1035,1.035,-0.47612451
1036,1.036,-0.47429867
1037,1.037,-0.47247326
1038,1.038,-0.47064827
1039,1.039,-0.46882370
1040,1.040,-0.46699954
1041,1.041,-0.46517581
1042,1.042,-0.46335249
1043,1.043,-0.46152959
1044,1.044,-0.45970711
1045,1.045,-0.45788504
1046,1.046,-0.45606339
1047,1.047,-0.45424214
1048,1.048,-0.45242131
1049,1.049,-0.45060089
1050,1.050,-0.44878088
1051,1.051,-0.44696128
1052,1.052,-0.44514209
1053,1.053,-0.44332331
1054,1.054,-0.44150493
1055,1.055,-0.43968696
1056,1.056,-0.43786940
1057,1.057,-0.43605224
1058,1.058,-0.43423548
1059,1.059,-0.43241913
1060,1.060,-0.43060317
1061,1.061,-0.42878762
1062,1.062,-0.42697247
1063,1.063,-0.42515772
1064,1.064,-0.42334337
1065,1.065,-0.42152941
1066,1.066,-0.41971585
1067,1.067,-0.41790269
1068,1.068,-0.41608993
1069,1.069,-0.41427756
1070,1.070,-0.41246558
1071,1.071,-0.41065400
1072,1.072,-0.40884281
1073,1.073,-0.40703201
1074,1.074,-0.40522160
1075,1.075,-0.40341158
1076,1.076,-0.40160195
1077,1.077,-0.39979271
1078,1.078,-0.39798386
1079,1.079,-0.39617540
1080,1.080,-0.39436732
1081,1.081,-0.39255963
1082,1.082,-0.39075233
1083,1.083,-0.38894541
1084,1.084,-0.38713887
1085,1.085,-0.38533271
1086,1.086,-0.38352694
1087,1.087,-0.38172155
1088,1.088,-0.37991655
1089,1.089,-0.37811192
1090,1.090,-0.37630767
1091,1.091,-0.37450380
1092,1.092,-0.37270031
1093,1.093,-0.37089720
1094,1.094,-0.36909446
1095,1.095,-0.36729211
1096,1.096,-0.36549012
1097,1.097,-0.36368852
1098,1.098,-0.36188728
1099,1.099,-0.36008643
1100,1.100,-0.35828594
1101,1.101,-0.35648583
1102,1.102,-0.35468609
1103,1.103,-0.35288672
1104,1.104,-0.35108772
1105,1.105,-0.34928910
1106,1.106,-0.34749084
1107,1.107,-0.34569295
1108,1.108,-0.34389544
1109,1.109,-0.34209828
1110,1.110,-0.34030150
1111,1.111,-0.33850509
1112,1.112,-0.33670904
1113,1.113,-0.33491335
1114,1.114,-0.33311803
1115,1.115,-0.33132308
1116,1.116,-0.32952849
1117,1.117,-0.32773426
1118,1.118,-0.32594040
1119,1.119,-0.32414690
1120,1.120,-0.32235376
1121,1.121,-0.32056098
1122,1.122,-0.31876857
1123,1.123,-0.31697651
1124,1.124,-0.31518482
1125,1.125,-0.31339348
1126,1.126,-0.31160250
1127,1.127,-0.30981189
1128,1.128,-0.30802162
1129,1.129,-0.30623172
1130,1.130,-0.30444218
1131,1.131,-0.30265299
1132,1.132,-0.30086415
1133,1.133,-0.29907567
1134,1.134,-0.29728755
1135,1.135,-0.29549978
1136,1.136,-0.29371237
1137,1.137,-0.29192531
1138,1.138,-0.29013860
1139,1.139,-0.28835224
1140,1.140,-0.28656624
1141,1.141,-0.28478059
1142,1.142,-0.28299529
1143,1.143,-0.28121034
1144,1.144,-0.27942575
1145,1.145,-0.27764150
1146,1.146,-0.27585760
1147,1.147,-0.27407405
1148,1.148,-0.27229085
1149,1.149,-0.27050800
1150,1.150,-0.26872550
1151,1.151,-0.26694334
1152,1.152,-0.26516153
1153,1.153,-0.26338007
1154,1.154,-0.26159896
1155,1.155,-0.25981819
1156,1.156,-0.25803777
1157,1.157,-0.25625769
1158,1.158,-0.25447796
1159,1.159,-0.25269857
1160,1.160,-0.25091952
1161,1.161,-0.24914082
1162,1.162,-0.24736247
1163,1.163,-0.24558445
1164,1.164,-0.24380678
1165,1.165,-0.24202945
1166,1.166,-0.24025247
1167,1.167,-0.23847582
1168,1.168,-0.23669952
1169,1.169,-0.23492356
1170,1.170,-0.23314794
1171,1.171,-0.23137265
1172,1.172,-0.22959771
1173,1.173,-0.22782311
1174,1.174,-0.22604885
1175,1.175,-0.22427493
1176,1.176,-0.22250134
1177,1.177,-0.22072810
1178,1.178,-0.21895519
1179,1.179,-0.21718262
1180,1.180,-0.21541039
1181,1.181,-0.21363849
1182,1.182,-0.21186693
1183,1.183,-0.21009571
1184,1.184,-0.20832483
1185,1.185,-0.20655428
1186,1.186,-0.20478406
1187,1.187,-0.20301419
1188,1.188,-0.20124464
1189,1.189,-0.19947544
1190,1.190,-0.19770657
1191,1.191,-0.19593803
1192,1.192,-0.19416982
1193,1.193,-0.19240195
1194,1.194,-0.19063442
1195,1.195,-0.18886722
1196,1.196,-0.18710035
1197,1.197,-0.18533381
1198,1.198,-0.18356761
1199,1.199,-0.18180174
1200,1.200,-0.18003620
1201,1.201,-0.17827099
1202,1.202,-0.17650612
1203,1.203,-0.17474157
1204,1.204,-0.17297736
1205,1.205,-0.17121348
1206,1.206,-0.16944993
1207,1.207,-0.16768671
1208,1.208,-0.16592383
1209,1.209,-0.16416127
1210,1.210,-0.16239904
1211,1.211,-0.16063714
1212,1.212,-0.15887558
1213,1.213,-0.15711434
1214,1.214,-0.15535343
1215,1.215,-0.15359285
1216,1.216,-0.15183260
1217,1.217,-0.15007268
1218,1.218,-0.14831309
1219,1.219,-0.14655382
1220,1.220,-0.14479489
1221,1.221,-0.14303628
1222,1.222,-0.14127800
1223,1.223,-0.13952005
1224,1.224,-0.13776243
1225,1.225,-0.13600513
1226,1.226,-0.13424816
1227,1.227,-0.13249152
1228,1.228,-0.13073521
1229,1.229,-0.12897922
1230,1.230,-0.12722356
1231,1.231,-0.12546822
1232,1.232,-0.12371322
1233,1.233,-0.12195854
1234,1.234,-0.12020418
1235,1.235,-0.11845015
1236,1.236,-0.11669645
1237,1.237,-0.11494308
1238,1.238,-0.11319003
1239,1.239,-0.11143730
1240,1.240,-0.10968490
1241,1.241,-0.10793283
1242,1.242,-0.10618108
1243,1.243,-0.10442966
1244,1.244,-0.10267857
1245,1.245,-0.10092779
1246,1.246,-0.09917735
1247,1.247,-0.09742723
1248,1.248,-0.09567743
1249,1.249,-0.09392796
1250,1.250,-0.09217881
1251,1.251,-0.09042999
1252,1.252,-0.08868149
1253,1.253,-0.08693332
1254,1.254,-0.08518547
1255,1.255,-0.08343794
1256,1.256,-0.08169075
1257,1.257,-0.07994387
1258,1.258,-0.07819732
1259,1.259,-0.07645109
1260,1.260,-0.07470519
1261,1.261,-0.07295961
1262,1.262,-0.07121435
1263,1.263,-0.06946942
1264,1.264,-0.06772481
1265,1.265,-0.06598053
1266,1.266,-0.06423657
1267,1.267,-0.06249294
1268,1.268,-0.06074962
1269,1.269,-0.05900664
1270,1.270,-0.05726397
1271,1.271,-0.05552163
1272,1.272,-0.05377962
1273,1.273,-0.05203792
1274,1.274,-0.05029655
1275,1.275,-0.04855551
1276,1.276,-0.04681478
1277,1.277,-0.04507439
1278,1.278,-0.04333431
1279,1.279,-0.04159456
1280,1.280,-0.03985513
1281,1.281,-0.03811603
1282,1.282,-0.03637725
1283,1.283,-0.03463879
1284,1.284,-0.03290066
1285,1.285,-0.03116285
1286,1.286,-0.02942536
1287,1.287,-0.02768820
1288,1.288,-0.02595136
1289,1.289,-0.02421485
1290,1.290,-0.02247866
1291,1.291,-0.02074279
1292,1.292,-0.01900725
1293,1.293,-0.01727203
1294,1.294,-0.01553713
1295,1.295,-0.01380256
1296,1.296,-0.01206831
1297,1.297,-0.01033439
1298,1.298,-0.00860079
1299,1.299,-0.00686752
1300,1.300,-0.00513456
1301,1.301,-0.00340194
1302,1.302,-0.00166963

f(x) = log(x) - cos(x) = 0

íºê⁄íTçıñ@Ç…ÇÊÇÈãﬂéóâÅF1.302000

èàóùéûä‘,0.779000 ïb
